PS_alpha_ch0,PS_alpha_ch1,PS_alpha_ch2,PS_alpha_ch3,PS_alpha_ch4,PS_alpha_ch5,PS_alpha_ch6,PS_alpha_ch7,PS_alpha_ch8,PS_alpha_ch9,PS_alpha_ch10,PS_alpha_ch11,PS_alpha_ch12,PS_alpha_ch13,PS_alpha_ch14,PS_alpha_ch15,PS_alpha_ch16,PS_alpha_ch17,PS_alpha_ch18,PS_alpha_ch19,PS_alpha_ch20,PS_alpha_ch21,PS_alpha_ch22,PS_alpha_ch23,PS_alpha_ch24,PS_alpha_ch25,PS_alpha_ch26,PS_alpha_ch27,PS_alpha_ch28,PS_alpha_ch29,PS_alpha_ch30,PS_alpha_ch31,PS_alpha_ch32,PS_alpha_ch33,PS_alpha_ch34,PS_alpha_ch35,PS_alpha_ch36,PS_alpha_ch37,PS_alpha_ch38,PS_alpha_ch39,PS_alpha_ch40,PS_alpha_ch41,PS_alpha_ch42,PS_alpha_ch43,PS_alpha_ch44,PS_alpha_ch45,PS_alpha_ch46,PS_alpha_ch47,PS_alpha_ch48,PS_alpha_ch49,PS_alpha_ch50,PS_alpha_ch51,PS_alpha_ch52,PS_alpha_ch53,PS_alpha_ch54,PS_alpha_ch55,PS_alpha_ch56,PS_alpha_ch57,PS_alpha_ch58,PS_alpha_ch59,PS_alpha_ch60,PS_alpha_ch61,PS_alpha_ch62,PS_alpha_ch63,PS_alpha_ch64,PS_alpha_ch65,PS_alpha_ch66,PS_alpha_ch67,PS_alpha_ch68,PS_alpha_ch69,PS_alpha_ch70,PS_alpha_ch71,PS_alpha_ch72,PS_alpha_ch73,PS_alpha_ch74,PS_alpha_ch75,PS_alpha_ch76,PS_alpha_ch77,PS_alpha_ch78,PS_alpha_ch79,PS_alpha_ch80,PS_alpha_ch81,PS_alpha_ch82,PS_alpha_ch83,PS_alpha_ch84,PS_alpha_ch85,PS_alpha_ch86,PS_alpha_ch87,PS_alpha_ch88,PS_alpha_ch89,PS_alpha_ch90,PS_alpha_ch91,PS_alpha_ch92,PS_alpha_ch93,PS_alpha_ch94,PS_alpha_ch95,PS_alpha_ch96,PS_alpha_ch97,PS_alpha_ch98,PS_alpha_ch99,PS_alpha_ch100,PS_alpha_ch101,PS_alpha_ch102,PS_alpha_ch103,PS_alpha_ch104,PS_alpha_ch105,PS_alpha_ch106,PS_alpha_ch107,PS_alpha_ch108,PS_alpha_ch109,PS_alpha_ch110,PS_alpha_ch111,PS_alpha_ch112,PS_alpha_ch113,PS_alpha_ch114,PS_alpha_ch115
1272606.150407088,1502539.3935987945,1157616.0556131299,1192787.0735940302,1136005.7449704886,1286049.1214567842,1665180.8073282975,1718074.2408585383,1998565.0690727443,1939261.467571462,1495579.8697875137,2124841.003268648,2460725.991427077,2248080.917696843,2229805.704007043,2725991.1600324404,4177352.943900655,3138206.2006076653,3252354.7163041644,4426006.827502278,4256797.208849635,4621700.55869132,3408836.1174091236,3762453.2481186297,3206691.724011941,4330012.872191206,3098908.5908587547,3101806.180367545,2591101.5191317764,2622696.400426041,3044802.096651879,2964703.9619424106,1601740.752065978,1454733.1077253884,2133908.4891175665,1616982.5199269932,2089551.061369548,3071340.998821448,1915349.846404069,1198196.3715385208,1393263.2695434848,1208609.419223732,1291612.3359316983,1102978.9721044984,1059195.9812193154,1689428.2821576572,1615128.626192666,1758302.488184232,1483760.1703821137,1404371.2636575252,2215465.3752596686,2439420.7035414693,2217845.1007878096,2089263.9601740805,2488359.6386515647,4109590.098363785,3169795.090958191,2689781.6804905306,3516917.4769329545,4503719.145872202,4322394.705207395,3382453.866608312,2532789.3881954243,2706040.133582827,4311838.518913602,2784262.978987084,2187516.9741061195,2183406.980415875,2055474.9308593501,2049246.2131814735,1752888.4740329764,1392835.2183051463,1361363.9244398826,2064251.4170097692,1549746.9629107201,2072068.5158760443,2958053.988978422,1655471.3228298235,2450662.984874025,2119731.515100964,1676084.3010620847,1842390.7149526956,1865414.1680081754,1423602.5445250804,1754287.1970601927,1590810.8882832013,1716322.124051955,1640974.8537059585,2405346.4472869663,2191836.2177199004,3376836.036685458,2889864.031025231,3275865.7134735277,3377113.760902003,2447071.9002690045,2244822.0403715377,2710828.914650218,2530639.3717013113,3010869.301860887,3187498.205131216,3210572.465289039,3113746.7130633243,2918346.412847158,2947887.553264434,2724699.7042425554,2861425.9368881662,2643119.2956175474,2063541.839964418,2481157.0975301233,2535710.59313652,2908826.1200962104,3251374.14009711,3528386.100747733,3458186.021862028,3173154.6647810615,2869731.6355519257
1979917.1770676877,2403739.3071159753,2068846.4099514904,1960243.7702406114,2083131.7202890352,2440585.3298341557,2952304.174579403,2732802.174923904,2479431.9398853076,2311813.2075176444,3002135.2045454197,2910134.670936167,3889185.2527484177,2961048.002803142,2703908.0728098666,2842662.9766756985,2704317.985751591,2720849.3627339117,3153793.691928814,3725941.343159006,2668620.4874533475,3693430.1727915793,3469774.8094484387,3235974.6772960965,3699434.740296,3956920.233254227,3351165.2958446937,2575526.88147422,2835619.9414913454,2885512.4265226563,2972873.146512288,2655308.383282683,2432909.1010358892,2654074.8585651894,2462552.3865119405,2934130.9468540186,3047299.0689199753,3645412.762279193,2539839.418947008,1742957.2270901415,1764597.0454747493,1740185.470497193,1974657.4676281575,1628831.643785537,1560771.887992248,2013098.2508056299,1513726.132185918,1754478.9464306636,1550560.4664908154,2617616.2103466694,2920279.5580537524,3727177.614542692,2145060.970166673,2634923.151513174,2798271.9002085803,3150523.7709191483,2898782.7551714005,2404620.8684338382,3291059.909136985,3970340.6995856976,4250149.6324898135,3800779.683923996,3650031.3689744314,3977939.8579904735,4348193.446700332,3750500.7368523865,2893694.2381289457,2888718.5112985778,3004177.452016307,2969055.6617222046,2848430.946699986,1898933.5925671917,1615524.950894985,2067524.1128250682,2555480.715456954,2929575.0257688956,3962103.9582889685,2045087.460353688,2544270.0547549836,2584378.9416489243,2572663.9178460534,1640850.409316181,3212578.339757989,1985207.9678634235,2705879.070138293,1783331.9825342011,2773418.5254721297,1711198.413144071,2811329.572735061,2907334.9348130943,2789244.729251557,3187828.5189404977,2769460.9628950437,3242968.1141320067,2405504.344471718,2948028.480248628,2561774.8732933686,3051451.962485253,2790687.59739204,3292575.8728324356,2386995.673619453,3024164.2858040333,2529692.549075066,3036070.4772985936,2820222.9830469717,2963944.298666685,2378183.4434323204,2406859.417756247,3002627.3804556415,3213019.849811142,3505983.195828337,3547490.731844496,3486745.6878992477,3250252.2769653504,3122405.0414832975,3048907.1399482964
4968927.92277105,5186915.064080138,4271528.171816409,3978111.014494259,2632028.3543086573,3105146.924500409,3125618.2613372905,2954280.5242446405,3714706.3545230865,3414791.920838833,3515531.742013431,2408885.762072113,3421109.436863697,3096596.8109369385,3652187.6795879556,4428187.551922247,5313836.556865089,4669328.5818462465,3434338.783193677,5809086.400464906,6608624.06424341,6575012.225107735,6394038.2505801385,6408603.474769766,6514956.263232097,6758129.530711158,6468170.40418469,4809917.161008234,3467041.222765266,3221817.8564085634,4959845.4963096175,4369774.3455645535,2963214.737388792,2577350.5027703606,3268514.496370395,4120166.3469990534,2922358.9774387656,5894100.852164976,3793057.3310513925,3562089.91725808,3285635.2351141116,2101419.138641928,3354621.480026681,1710039.8188275504,2097720.390943074,3836394.3909615036,3830223.0161535135,3260472.930614615,2545462.056867383,3889457.5243429807,2925517.7209372185,3618106.607705824,6133872.4932784755,5641172.316003683,4995205.9094068175,6724051.530695073,5410536.556494321,7635703.470906031,5549012.262700449,6645951.158779597,7013355.042652503,6316234.256010924,6198468.7564687515,6314660.215801465,6934321.346980932,5981605.297254068,6410496.336097574,6800795.621118698,7218002.481514583,7209255.396761733,6864325.869972524,4264128.471838293,4350801.244637017,3269181.3136772034,3311134.3946401216,3809696.0271053663,5526413.433820646,2883123.341010013,3491134.595400337,4785489.378474798,3379794.40856582,2324508.659209483,4884651.62241964,3082064.969261723,4146709.734186173,2375698.1287178732,4371635.2095094435,2558373.8338464415,3904748.792450153,5506832.941427138,5744229.796169997,6492842.717270823,5710665.287376944,6407059.813031121,4607877.327694388,4869688.975248313,5041896.123041959,5887890.235912547,5702556.781802651,6391447.105298244,4867305.236514632,5762682.597953216,4738091.720896558,5690933.508283864,5325341.261640383,6174589.124418967,3536189.8316543135,3862410.6661930545,5650948.628014975,5935925.832146994,5588484.238232969,5786056.524645131,5898024.124295242,6165422.194826808,6120930.570923724,5894310.968731184
2034115.7139414945,2132800.0996780074,2023756.7129204483,1995921.627853926,2043185.6312891066,2012138.1937938246,2254852.544388305,2257294.7294141725,2516394.425712366,2114850.7843747474,2016327.5056020578,2855243.1714224545,3210801.901079472,3167245.250851818,2762401.580120755,3759369.4186153575,4300082.194743898,4395244.823311067,3999357.4531229106,4308120.005727536,4036524.215564852,3060071.6747305407,3961226.718032623,4019454.3844156154,2891909.0771933096,2731730.4980417257,3185395.9703114145,3950589.7997184093,3484835.2903537275,3938499.820871063,4235715.209710913,3919060.6175206215,2056382.687952133,1999022.114028129,2928897.3152425,2072351.874577287,2964806.6896949466,3136731.75766493,2145122.057605965,2001901.7004090294,2102761.993542237,1863801.5582174356,1888232.820816821,1837588.7327498698,2124519.913211388,2318509.594201168,2246733.468065924,2713306.2631012076,2209040.566961954,1993205.0776973893,2792028.197200058,3516569.914466634,3215010.1028525503,2947843.9574718936,3812891.4345692224,4452430.5216937605,4477343.315869289,3727234.7047450733,3452153.694988882,3881475.910247085,2801092.615398033,2938331.2615153207,3201611.392289294,2718185.8896862743,2745907.016238405,2855042.056574065,3362652.537344215,2602891.1507441653,3035066.316495465,3486130.6330466955,3568140.1483332263,2670901.6334836134,2557442.7149573946,3071931.6602409077,2040612.1895365457,2929105.740918576,2971023.0737815234,2343937.4785392983,3128080.161502212,3357154.8729726947,2374152.5019699135,2419394.1244847053,2290288.117889238,2219303.4913763246,2248206.1867508246,2246526.3114491184,2332228.347842553,2289652.515035318,2570761.4020087263,2811464.4893660606,4005151.635193822,3443911.6594026103,3955977.7652036007,3530069.1625492265,3599864.0213145856,3331421.232396492,3767764.7017231365,3272659.1365342257,3836809.78587382,3268836.4125388484,4009044.641691309,3733200.826457149,3880200.9370214865,3802423.746297152,3782161.6592965955,3707284.8787091714,3412411.8060667664,3448174.6305244807,3467461.6158379675,3290819.3446660447,3036193.828605099,3159095.1969310897,3357550.0338776037,3600427.986669355,3649309.2796665556,3599669.46190089
2466589.8964674314,2562829.2517944556,2538814.542941374,2442208.7730549355,2520364.302245443,2751551.6020815074,1959423.2025045562,2106885.981694571,2224432.082185237,2373056.658705221,2124779.6332913754,2039328.507932527,2118308.1375319636,1998483.8494095611,2434000.9737012954,2160392.088092683,2333086.3024183186,2555944.524274859,2452849.0627811165,3448321.462577805,2354554.1044562557,2898243.7432693625,3366829.124780376,3911420.9016374876,3160196.7094606254,2853813.847868301,3133688.957427483,2813667.142445711,2549850.203184159,2787897.7132682167,3027406.8174279947,2910164.763403079,3013830.8825119343,3076946.407774942,3092146.3124332367,2195348.0379932625,2201586.3847239455,2490609.9522837987,2592263.057026394,2263657.8325950513,2345389.7843252453,2146909.0793741583,2183716.7913508043,2448904.4762037396,2652556.883668341,2045783.147351045,2291299.5193272745,2568117.518009541,2506367.9932314144,2062991.7881620347,1950548.9992517377,2188216.2152813976,2187840.677955417,2556598.156581288,2471913.8843063293,2320446.31636322,2409172.8579046796,2526601.8252166766,3118730.8821764514,2424826.187941721,2921222.9145660023,3169483.150422393,3691927.0850404347,3172344.6646686476,2864597.5781927546,3262135.7089800127,3164410.470179113,2575904.1070526564,2486242.133725949,2940240.5925299916,2957909.7617702293,2581268.0743930303,2523407.913382703,2562143.007039013,2224865.952972414,2007343.1828198584,2412772.4242207124,2645979.315646692,2891200.613861741,2635503.3291378026,3078087.4612872675,2528084.0142391566,2329826.549417647,2467368.5006471244,2555767.373655564,2626554.7389328065,2755865.5571358423,2595180.9675344303,2192447.2110521183,2615661.902050138,3529618.226694141,4044761.810441069,3568962.60664004,4034014.883148588,2744942.268420836,3123763.9011552446,2845958.0234826976,3291723.6123047676,3045167.1280283574,3686720.843708781,3444191.260503897,4227175.789064947,3152998.197074699,3902806.677438823,3042161.521591966,3598703.5153897125,2790305.9045503237,3371559.8168947757,2774425.923107216,2509926.226510795,2811488.0931439516,3163652.1361269495,3347471.7969113444,3371411.044987795,3255915.9566324237,3110091.9725222695
1819557.8871045443,2517884.7863430283,1547198.9607944153,1627904.6347409745,1772641.947691697,1918417.4580733373,3212098.1141157816,3488793.7125277133,4128594.6802537898,2829752.811814514,2456480.6402327847,3200776.2273824024,4619399.657068541,4792835.151746754,4922522.979872739,5743364.484805697,5308537.252223564,5784759.739700477,6235451.225984938,5617283.158760205,4895308.681024382,4919900.43581836,5124018.279848798,5439965.668346061,4460399.947594272,4738519.016292405,4554292.110108815,5822554.983347046,5756286.832048198,6189297.828550102,6429053.271158421,5856416.419564524,2030407.6696915533,1893392.0035259093,3550508.7225035937,2727184.7425362202,3836972.186394051,4366706.57324821,2688424.7683257367,1918402.229434823,2154977.113566497,1704396.3421295648,2037481.375287329,1618644.007963514,2355773.7440962484,3311420.5550246565,2638322.127808374,3074287.9148251526,2642226.5801877915,2359803.1627525478,3526910.691807811,4349615.391222292,4814130.2083640965,4017635.797955472,5124635.449287479,5856447.610077001,6027044.4597321525,3572708.473773328,5906640.399894562,4701041.872974151,5102051.1064477675,5284242.437653337,5071167.79185931,4704320.191020302,4788510.505820948,4733134.171792375,6073361.959918457,5346001.206143815,5395514.187702915,6009859.596158979,6134125.479326919,2670340.9820522107,2350878.3682278683,4027377.7681124457,2429357.328264623,4202007.082000455,4420476.501642748,2722112.7761854236,4787620.062859035,5048877.799559654,2522626.32887477,2680705.7694162372,3527973.868600151,2633570.770699384,2903879.672366566,2558501.964307659,3128793.231095056,2616884.9434815515,4538464.490365613,4822173.858521345,5497285.353117638,5455792.80504813,4808715.254454093,5075427.142407099,4266970.898520456,5384852.28241594,4787451.9610921545,5662359.518954444,4961399.80813563,5292268.3823739635,5265970.618707329,5382187.556998067,4599084.18729436,3745330.0601019966,4057925.200994668,3652985.9857078786,4642293.203965915,5193852.217088975,4147385.1431476083,4216313.496783375,4178481.0055066077,4154516.06345911,4082226.0987479542,3969495.7571549504,3962915.0655530836,4014129.63531779
1255271.288294164,1474414.558226874,1687637.6545178473,1308173.6146809633,1826963.6690666785,1336573.6512569245,1348662.3966549719,1815527.5241710376,1560547.2743568742,2270136.1906531714,1128044.3405606505,1979707.8148656408,2123868.3851833455,2126665.3278726772,1423160.8153896197,2287871.7973898174,2243011.0077359104,2653374.1762380493,1692991.2111934891,2407176.079294545,2048300.9689460096,2205555.4711616696,2799508.656307749,3068818.95385134,2708801.395846725,2260696.21472127,2734683.9464788213,2854855.1663483866,1732914.679508147,2071900.5674986136,2623958.9480912504,2750749.8986864877,1701832.4516729335,1964739.1140528694,2606709.663820594,1175191.3425977076,2246033.9654547675,1628942.0186596734,1345617.1832213758,1258223.2545185178,1393782.8087738499,1123708.2526798563,1064299.6350011185,1130207.2767317754,1455994.09752204,916950.9173023099,1008685.3123671081,1298712.0379717222,1211053.9598316608,943626.9675958242,2051329.9101071022,2095603.0043033445,1944776.3627819316,1782956.073812444,2369670.4098137515,2087124.1557872272,2124138.4366697604,2885062.978408056,2331756.390781048,1902065.5819072982,2680994.7049841336,3017118.84921484,3030602.7602090975,2719202.6452429025,2426311.0907440814,2718285.1669275416,2653660.813788848,2058031.6433627272,2390577.5173639846,2603593.1500496147,2591253.049651686,2035158.5127693212,2238305.954024812,2467788.8987527466,1022525.5336699404,2170771.078450421,1391182.6708788355,1582728.8197876203,2451603.6506742537,2421216.292564418,2022817.554420074,2033550.548769477,1533545.9320922,1196072.46063119,1307212.9567030093,1433687.910219144,1539063.3946719416,1526074.6087136318,1693206.2629294177,2065762.8033363144,3058453.903466454,2778641.328556874,3101996.624484626,2805507.8222331028,2790440.7864870448,2679476.471245172,2871889.1667819032,2681772.3165178234,3001775.1905444465,2727244.4794594906,3105422.6997782565,2789156.164967515,3090133.2189780395,2749637.0957356994,3028970.0181096867,2740925.2144485926,2916539.3336338582,2669631.6733699446,2688844.3484686897,2626739.714931398,2579087.4109060257,2701077.6404109574,2762466.3058257336,2739998.899745492,2723034.6844180133,2709323.432238635
1541950.4957172936,1550118.208270607,1505299.6797981185,1493516.5649176163,1544023.9869648695,1598743.9951586397,1707073.1618559493,1487799.5585210775,1310988.5316564594,1261578.1944775353,1398471.6548649902,1944630.823477831,1864605.756836225,1936810.6741316493,1376762.3238612027,2277628.9022042486,2062686.3323398826,2212760.2865627855,2390524.7567653116,2225898.4283832414,2013032.3484023714,2085281.3434168648,2338367.156448915,2074074.5145090127,2185534.931109103,2189920.2453411,1963602.1635882452,1529264.079034519,1487811.6515718498,1603415.9818774147,1846662.3100357389,2345861.7643318507,1905450.508758289,1945926.7934247549,2195245.397015256,1357338.3912693874,1986021.8855789213,1871667.9403347156,1408565.4294491431,1858297.6057758653,1957121.4711510479,1946105.1308623818,1596366.804745709,2106644.3473005365,2022989.856930096,1642183.2011048566,1563761.2524815006,1651299.6019316171,1685242.4766942717,1686762.5700588655,1821502.334405127,1862353.4702461436,1647362.2022689225,1927777.6340332192,1818179.74067956,2215604.393890615,2176147.694632431,2216946.6386668715,2293515.8606335064,2133034.8879281757,2502258.0095462655,2586117.9213056695,2553805.9262424447,2618024.8058533906,2371736.3770767595,2701042.9209522414,2648987.135519217,2304388.5363367186,2220309.014046636,2182546.3882626737,2184038.8070384734,2844568.2913598074,2858876.087917972,2013956.6767459891,1374822.8204828023,1672835.1246841294,1894913.596243298,2448586.985526831,1936695.2585049418,2427248.7843108606,1884441.7978171043,2511549.3492788835,1402895.8195503084,2015698.2372500387,1438338.6558888254,2333564.76636552,1566119.9247476202,2460660.0550656836,1475105.997631107,1905217.9428943496,2198949.770371045,2659834.887553685,1848109.8309190571,2854981.0655312967,1913621.3465470765,2671092.8357332884,1462826.804124741,2901292.643243236,1729141.7248009697,2987492.052296217,1976949.375858679,2371175.3598199473,1765389.4682347882,3111404.3814407913,1787735.2996713538,3119383.5353347724,2205183.5688659935,2666606.9263446345,2420002.9730190863,2093139.6540198307,2171346.423238626,2267924.716151321,2264757.3087998596,2367069.8988738023,2429856.8192643467,2448107.5155000035
2080366.457223649,2479446.435276192,2327701.613117863,2077218.864496535,2349144.9746573055,2360401.6362227607,3280532.6684377063,3220048.6326957536,2928927.5408898983,2387250.3192675645,2864796.569096142,3220582.875437783,3045662.816440643,3569379.7225253517,3258022.8601302826,3664435.881841954,4070914.8426156538,4040474.764586595,4487469.226090631,4490986.063202604,3553113.655389945,3332088.4294394744,2993600.7079812726,4136035.505160753,3121036.607431541,3419316.475348754,3607480.102077381,3671893.0308133746,3727894.324900066,3834997.802871491,4423560.2109395405,4112271.723058649,2660997.999490374,2559168.5737558734,3305142.5919127553,2459730.0316722156,3343377.133723447,3296077.7702988875,3003600.5833636364,1881489.1013710252,2130837.4648211994,2053615.256936943,1955116.7909452056,2395747.225138496,2233093.7870257455,2884492.617951133,2428142.4839356598,2780933.316350453,2424429.630847934,2724937.4447786002,2929241.2226064503,3145576.3976291427,3210252.9367164606,3116436.27803546,3504654.752545337,3448068.7501139906,3955827.322728369,3772062.324381063,3871080.841659571,3215317.072037519,3812882.3610232417,3821151.624045369,3544753.437163896,2985832.0836019525,3320207.401466471,3008194.4804667765,4008480.7821352524,3449347.775269156,3886366.0508044297,4192967.355773411,4445740.495780052,2540282.14186564,2950342.760378751,3825637.8620705293,2380809.835467756,3118707.788774986,2996740.5642544352,2381582.926391048,3586885.31336702,4062307.4646638865,3114875.5743065863,3086043.3489199686,3238235.194725546,2574380.151212018,3402099.922793755,2410533.463297704,3470687.28292055,2815982.7417408647,3604603.364427716,3700035.6277862936,3861004.619334522,3504258.04883016,3898763.7831438864,3406274.4195235283,3013663.834634756,3390413.57894467,3273744.3342009513,3520660.282041775,3581804.607767241,3444193.3249739655,3762225.200163436,3436045.5952588017,3429203.1046882723,3468078.655061338,3296864.124230857,3342210.3843330937,3150520.9107507416,3559607.4323582174,3105212.4521678663,3074406.4646590655,3093741.1631522677,3377445.080310988,3598015.8127340805,3565378.6806808985,3390967.308101992,3254134.6446501086
1535986.7461151541,1714829.7262062535,1538410.3448647987,1582690.3175775958,1388507.8829429254,1445234.501360429,2532869.8810702916,2228853.829644287,1669345.0341031346,1628397.489036718,2537015.959464526,2261036.060266736,2949079.951191672,2609648.283298444,1892149.1829828108,2814677.880652011,2736382.1118519492,2799052.277472096,2834105.6804545736,2772392.005539654,2683420.7593103885,2593159.399294491,2699282.845263634,2710354.3282810207,2495080.574007995,2543528.65708421,2631382.2712934897,1983816.4268660818,2111594.1066060127,2211595.394126546,2327341.51554435,1825008.461434058,1468175.6369558224,1390395.247832298,1713317.4301409135,1969298.8965515308,2211971.2584747053,2470563.4834760483,1590880.4864732192,1370734.4704890926,1531744.8579368028,1292139.970660178,1450075.2533232253,1373898.5026956296,1576723.7073421278,2674087.3381015114,2454554.432926855,2037638.2798245812,1994358.125276333,2143343.9287103782,2281449.3892626064,2782421.33067678,2700886.7220340115,2187699.733687881,2843066.3493042486,2667350.6894733366,2893015.883568667,2585881.3678094298,2752126.6461244724,2609651.7843229263,2483622.303423114,2526119.6350427144,2483059.4577224804,2433070.3170962585,2491460.9186845953,2441433.258898746,2482221.6572007677,2420151.5136036705,2525676.6928341277,2573449.9405092467,2583477.8159335037,2049817.9072496002,1869765.8303091736,1822906.4210723338,1867968.2790264569,2309260.3464445765,2405163.088770308,2028278.309636437,1777640.1887560857,2244037.928617982,1615179.9990727715,1542176.5823631112,2033474.6214877567,1960270.9950847826,1714564.5453346155,1910596.500323563,1777531.4207262043,1802423.541536035,2074965.5863564436,2355065.586181816,2283510.4634034038,2555363.070654322,2227396.3174965726,2520340.36374235,2101234.3209274053,2099412.710240568,2003909.4808224307,2368493.5062850406,2210045.227887277,2498024.6974466085,1979741.653022382,2656590.7547844467,2358736.8500197665,2510828.7611131337,2134726.099636862,2062057.3054830222,2156325.1611123374,1964646.8719848657,2073440.1316744622,2181945.225382792,2739875.569505739,2262233.4753272743,2280067.36541682,2225120.688073745,2157585.157430086,2115214.342860964
1626661.9658754226,1853412.8289802151,1658178.2513415783,1599365.7962788704,1672088.0212531434,1839330.9574760904,1986456.787135126,1938205.9357677463,1874690.498862447,2140999.5766840638,1897238.4102079945,2360891.4861203097,2659644.0510844085,2361285.947288672,2078839.314834956,2542221.2357922834,3425379.5492285043,2940430.5983367283,2615233.818051018,3511869.566345386,3105497.514880223,6034928.427391095,5082949.249412995,5610272.438604773,5168416.70087571,5968258.460464188,4065529.4633118263,4000143.333587556,2514553.2792754155,2634264.4695297335,2769181.7650085697,2976795.0331200417,2208693.9755634572,2152319.0641333167,3053210.4081089413,2013460.8657826455,2590574.133403821,2828018.983253747,2123405.337558524,1662736.8903587651,1696162.1312028272,1646886.5542721655,1699455.693166252,1556039.0700193427,1671457.100028142,1705430.3870132244,1733278.453160214,1940185.3522572098,1859789.2011552213,1845483.5929868699,2388310.619194063,2683713.4522789936,1918726.8492228058,2069955.4607431476,2236647.509625266,2868133.8218853506,2765201.747501488,2077307.5551480511,3498858.439679109,2985666.3480575974,5283669.846051016,6342343.740847915,5180149.580283648,5476492.237529933,4611626.021078559,4252518.750007305,3060802.09808506,2325884.357868623,2359884.0805623936,3013000.341366195,2595850.3607639293,1761397.1863373122,1846968.385606209,2350704.3697892083,2020792.4871002585,2418800.428210914,2992649.8235847033,1899732.0399443482,2685915.301589174,2287767.9297440755,2923094.5741066816,1952073.4592892807,2072859.2119706308,2238743.632258224,2161295.318621725,1992540.7148863687,2526943.426049989,2113154.500079453,2146999.179945939,2944193.778488577,5292136.535030302,4717800.697557329,5930178.713601662,5132036.814312813,3486303.7630237094,2958622.7502160785,3696047.5528708384,3085616.2508243225,4464707.25035837,3701105.3000352415,5477452.321473279,5036671.911009943,5139198.941694811,4683539.2871016795,4539888.571831201,4107801.4150658827,4174995.354772029,3368066.422243758,3138702.772475527,2960580.4775100923,3298953.745406243,3895459.2380873016,4644377.395968198,4378728.063784657,3845766.2148102126,3510057.2850821093
2289493.013804035,3904702.0983135463,2862318.421136883,2780070.0913274246,3157820.017400175,2449670.2744082157,2817850.737128985,2959783.2245349814,3933497.2004851084,3538633.520791492,2850916.7407891657,2567620.182488545,3184680.7778955824,2959182.679688486,4773446.550105011,3682040.6686788676,5999351.208046077,4285620.269947831,4882349.594833117,5455945.107294584,5976646.01742409,9595146.74945249,7526289.6419568965,6273503.3347601,7685752.216139562,8969322.938204248,6464129.395945594,5576062.9994974015,5536237.752880374,5875414.595349776,6882610.99285524,6220861.140523345,3760742.433700996,3386912.916640697,4694863.367000337,3263862.536453634,3075750.385125795,4880324.363642075,4949731.861756087,2124986.4026774275,2538349.8153249677,1752499.7235992476,2162277.5364062823,1660197.6016715951,2879398.837205137,3067449.637002801,2875704.710490418,3025200.010392018,3142859.472757395,2652985.831314028,2990902.426959256,3357159.419914335,2861218.418844085,3991301.2370361276,4064879.0334841115,5189402.37038361,5053277.295218481,5088678.261088377,6832840.440644972,6090866.124227398,10372206.764435751,6266265.620776709,8120520.503364101,8729097.827746198,8722181.401057737,8250816.290838224,6848241.064230687,4260393.408142523,5097277.223164111,5511461.199604424,6375586.7595229745,4024004.264389312,3668308.8303554617,4430392.868302324,2689154.08475718,3534426.7314195703,5141048.590571648,3812556.0051823454,5226065.696673271,4605358.070848583,4496617.4910735935,3690211.7859811382,4416381.682252653,2497600.1904522013,4908468.340030837,3378765.71181156,4984490.215994507,3299071.2752444786,4824837.2910043765,4412257.220121345,6559767.074816169,8163611.530228332,6710850.535861854,8242250.467318384,5467337.874336346,6214484.058617559,5502276.432090168,7120969.361151394,5846101.565022015,8159904.6360528665,6717373.618796765,8238870.873053828,6151481.752537382,8028166.7449172065,5963249.800306161,7275260.771842727,5651272.3226228915,6191176.0188065795,6397591.7127903085,6523417.238265651,6793100.911329982,7453218.857461764,7652550.202746224,7155453.821527299,6982541.1536804205,6804012.8057563575
2639100.6265788884,3079673.9802316395,2222856.193239671,2132276.897759279,2111857.9953772775,2223786.8431930495,2318771.4873613766,2362441.643076098,2409407.7986635277,2253163.9598351284,2551982.3739000377,2552313.6920847273,2679375.524214599,2759457.7336310446,3333258.0048624775,2844337.8460948267,3749149.055565409,3146664.9669650625,2644595.843616205,3604029.632272007,3843458.6876267404,5075215.809053133,4717970.223738979,4005457.170848445,4671463.546506093,5145578.170406031,4154407.9744742718,3964118.368812386,4196182.360297171,4259282.843623004,4811141.286325215,3959083.430718791,2287288.083128335,2346565.3858219846,3725246.55603867,2481577.8770059715,2908061.2427202514,3229166.8194202143,2405422.5189204593,2367570.8332271506,2503512.120262517,2255508.172977988,2149058.934856336,2388455.796594439,2648409.2472183867,2762279.2726701437,2414160.2873034566,2018773.1019810895,1947553.737268301,2770831.1831412553,2622279.4860175806,2708676.387770451,2262741.6610437282,3017638.4707883224,2347560.1692387215,3107695.872820975,3607372.1986444476,2498746.956844631,4044055.9388210787,3653961.230191147,4521241.381183213,4761248.198180323,4711972.550399654,4502381.963587852,4879467.320870582,4507205.039724434,4588130.972981577,3521838.409796043,3795532.0258177924,4408071.485367827,4073066.198474865,2881298.7114305585,2953303.2160162083,3350127.2114367043,2378351.1456007664,2955866.65051785,3510451.8311019554,2763664.223815994,3590940.393652375,3511659.814392486,2821246.5096328184,2920988.0098744803,2964178.529629936,2362728.7827474126,2542750.4406406083,2709677.1483641984,3339846.45580607,2758653.325675026,3993891.8516761097,3258138.064918062,3687996.500157866,4976191.31679857,3765375.061738587,4898418.799885423,3822813.887270827,4283393.950321584,3770598.1272525857,4626513.429750365,3724595.7475386285,4879580.657433145,3643389.1276184605,4735880.245746164,3828628.4346577744,4476236.224738168,3914670.6733474894,4119210.5063965176,3608559.818613018,4129271.371898961,4010462.0528773065,4132282.558784414,4255345.360004448,4276818.976728486,4275132.2649834445,4214532.366910916,4129802.3791054008,4071714.6796907103
2563879.298615574,1728308.407599504,2367897.388786483,1947959.1137130444,2578392.451067944,1843923.1502046075,1431498.605166304,1507522.1846597646,2836294.2924229405,2228549.2855398757,1446873.2749569537,1424038.4214320187,1292730.68544843,1492861.9670303771,2280738.5638546147,1412784.7335169767,1417707.3504062928,1377711.1560370491,1389997.7506331557,1482049.1152421958,1454360.4500026323,1725242.2565897184,2794333.1576111293,3417929.097803178,2189073.2989787944,1501170.560903089,3056772.480853801,3511662.1231417526,1553226.976789577,2261671.8931032023,3061913.2163166096,3181108.9124479108,1543545.6417609863,3502681.4131164732,3121478.80957481,1463946.1824056248,1301185.6652383835,1452018.3745475383,2303913.4572763667,1906729.655075416,1568942.5527055308,1532953.6782761153,1668689.403671978,1815686.6478084552,1458591.0148942654,1456740.9365304317,1453775.3355063521,1478064.8515766973,1458719.0904130547,1465643.9160176178,1470571.523886964,1364566.079698373,1290220.6657426483,1490519.398510851,1552370.1327315983,1464714.316332755,1268113.4349569315,1614923.802694638,1384439.2533888803,1453005.675452933,1482746.3448818307,1559435.8066323523,2358731.5562489037,1548128.916200288,1469723.5941339093,1609524.6667757719,1613036.6451860536,1457683.6761899246,1478917.7309526945,1573171.9927970218,1673710.6407720232,1521187.7711974867,1504166.4374272367,1555898.7158093743,1456265.9164744355,1239239.620143358,1447450.8584588652,1479113.3656406256,2773276.6308292914,1543475.9944738166,1595973.0956603878,1576996.5001825613,1549362.4914642805,1454053.3850698087,2020884.1781420382,1473725.73185758,1684162.1222295905,1481622.884533381,1742577.750237477,1451575.2324991233,2933926.3892279575,1832682.2200668752,3285375.40481731,2051795.313441529,3251795.7210942297,1794597.0479744624,3308187.066948791,1667586.5993046628,3622902.888199929,1708911.1206832272,3551902.0063510756,2081292.7466102676,3648095.125644988,2804762.7009191504,3524696.263424802,2876869.769818399,3756246.4562520087,1879296.6849975036,3327907.472036459,2996901.3768061087,2542645.127774706,2681986.4578064783,2829607.01671897,2978575.0443857745,3263632.5580440527,3370957.6672958895
2158095.7633899604,2137161.0625784313,1708558.025264455,1832760.4283943225,1969126.6802437527,1691202.590583335,1665639.4636735595,1824538.5877624056,2357193.323081471,1747126.7032350374,1575974.5772786075,1698686.12353133,2788369.2330551166,2449018.652111704,2678481.321081505,2545324.4663630417,2987967.796048223,2538684.5716297235,2485801.355675062,2174450.636442177,2133524.058140718,2625074.702701306,3036453.4171374314,2978856.2133870875,2281942.7340136664,1986872.2605929356,2571492.9544856916,2972068.982380843,2635797.6654344006,2426536.5752953906,2563432.9123033127,2094136.1918116834,2158004.630715329,1846466.5432616586,2187791.5787669104,1727448.833944532,2264841.6024077535,1950326.8198144794,2425678.5624939622,2235605.942355497,2109509.718461593,2122671.362059991,2244439.006370856,2914863.713747828,2744797.9903395134,2304066.2963804267,2167269.7102128644,2133908.8424370284,2268879.2707434013,1980558.553088935,1942541.2087709748,3019360.4664097102,2051454.0100023411,2265108.42321302,1912021.9112032684,4078003.5137773226,1691416.7875299465,1865626.7573531854,1778639.0746768832,1807897.0437574545,2356214.724479986,2166327.074594899,2248644.8126882394,2196395.8804140924,2092020.8975370347,2308648.3284380916,2624840.359328464,2289927.550578581,2066416.1953267439,2140942.162586714,2269746.602054361,2432939.6864834805,2554436.6420005946,2614144.007198466,2269007.4295795234,2351475.1785339434,1949767.1136316766,2591027.216546521,2343225.524152049,2540550.8913007947,2176903.069736205,2662520.69789,2133061.072101882,2161048.381210033,2347424.268228557,3013241.9152965355,2269362.136732403,2322411.1410053265,2668996.563084503,2569325.2559224623,3134654.022299543,2850557.285216254,2238742.276681096,2005667.65475311,2945696.7806853103,2744005.6262546936,2970762.7239911915,2634052.786697683,3013337.740838726,2452302.2848882396,2118136.012830937,2492696.5046075135,2066631.2983928472,2665597.3451630888,2787736.4088765783,1890601.6503172852,2546632.5143692526,2321394.185048844,2822354.422898603,2710502.52424628,2482639.7779302965,2528016.196199528,2549209.213075294,2826540.084012971,2796320.502239813,2823698.919078784
2109655.1243169187,2379144.2906163484,1996064.2838281891,1998974.2150953473,2094690.9228029381,2810939.6059263824,2872583.2731113434,3189306.6347253737,3925228.7066389634,3294467.824526793,2398422.3639759114,2944000.404097178,2995470.007486386,3818443.441227624,4134164.0479425346,4452077.60767944,4641429.74057509,4328265.998922462,5790818.030224489,4154703.776537911,4287780.531628591,2919056.38432177,3173337.929482218,4163100.025916496,2988402.712911928,3038072.3479489405,3496300.0955143045,5208485.974189146,4202979.358015039,4758301.617677159,5500283.87383488,5536439.270955418,3337828.726613264,3071843.525897897,4164405.6109555014,2404233.5386197474,3151082.551391661,3434619.6356989234,3275602.363094176,2100541.357695933,2251724.048375603,1979872.7800398252,1969319.7414792867,1823495.2301427051,2254228.414123543,2990403.6705391947,3320189.562979715,3830585.1859563366,3624297.7621148666,2325677.986822597,2737141.581125537,3072573.9116695216,3051649.5297321426,3726377.449668032,3408104.0093726986,5025216.947288389,4524316.755844687,4099839.0488679614,4782546.002448484,4376845.17843055,3591921.2996276207,3712588.645186319,4031094.607818185,3290500.340435034,3333698.5393465785,3508535.2193921874,3842575.1401423602,3321080.024654441,4237146.111240725,4011761.472455071,3855300.7773919087,2802723.030552601,3105270.256508906,3813998.3708564453,2508847.6292309654,3099638.203373509,3434709.1452822317,2972412.54173913,4214450.936333535,3881813.625820796,3185208.7605533954,2796955.2230369775,2612371.6705935025,2593542.2059670906,2917594.981764365,2524865.0656817085,2861225.8290092507,2418998.9791407185,3088567.2751725316,2873832.0880388306,4633237.831771114,4027602.675840132,4174231.5397196775,4146804.3407231197,4490339.794306238,4063658.1776014166,4496337.7317050425,3907424.824719739,4316804.687374679,3868228.3048959635,4796127.586669005,4166988.410326387,4786022.148227695,4226451.913494007,4659662.17156445,4332103.112771777,4970266.98579559,4111990.3649933985,4217830.475924106,4051705.9537922805,3719581.4249716033,3753536.446042147,3920306.125311229,4145291.398336561,4241130.869793296,4265340.362333213
1462122.6657409607,1793692.0132121476,1457027.4059001585,1273113.7242865076,1566163.1590267592,1772010.7092518369,1543143.8162921509,1569981.249817278,1810636.9042994636,1719946.9264801247,1397913.183101524,1913102.4527097465,1941336.8732352227,1900484.5828977157,2136444.563179978,2161026.1077541206,2629202.7931465646,2781526.7675531846,2182580.007797015,2959405.9038919467,3089410.1843654974,2853888.259843888,2758214.3241618546,2936604.7043835977,3239926.5499601103,2954630.1409249566,3326977.6233739792,2732785.5166851967,2279882.9617945463,2352949.222440846,2221328.679574537,2069400.3204933808,1902190.5880469135,1841346.569847556,2052454.5455020308,1431788.102000994,2078004.4298570934,2996175.303811557,1969723.0278270182,1420677.3069545631,1791966.5035108218,1381417.0373950228,1220672.9169487185,1601971.9137856208,2006730.477804318,1616622.8074798759,1525655.0323119005,1692241.1020010074,1711647.8091594358,1467023.2974240924,1962436.7491179227,2238146.0537900776,1888916.5301236715,1940541.6013030233,2239056.972559832,2780960.049024285,2797135.348976724,2171215.0732648424,2830186.5816259985,3102021.8233287814,3090834.2071329155,3144248.15350406,3578354.0195953636,3641111.769608085,3073025.6378397904,3875644.001817919,2573411.2294700323,2156725.054988269,2255771.497005354,2172638.501322441,2185718.020781358,1998161.1407497034,1952109.7716834776,1911568.2536565056,1456888.7690669007,1994986.4350830477,2756705.0756433536,2184577.41239292,2053430.1340066493,2051995.629420651,2048143.364182263,2098074.5605876422,1907210.0105071657,1972963.369940046,2063628.0794451276,2280502.135976141,2175161.0822446365,2320680.101468046,2280552.9319847557,2764171.671525182,3189563.3213050463,3362804.407469391,3334002.3204841465,3442348.5571889114,3101038.3519732654,2716094.102664833,3216359.4514849526,2999430.6163924043,3362347.468459506,3551766.405553745,3268854.3344523367,3593529.205261116,3336959.9688152648,3540183.103819786,3646224.102703489,3682821.651738718,2765187.779261839,2537374.2033750652,3456438.668941282,3481799.7992722807,3715108.5005844478,3750777.342505507,3760190.4628554,3791966.448974713,3763738.7893591947,3672913.6533273426
2807407.059542425,3435839.0577157857,2308846.1060838317,2406594.763306546,2082312.3323378188,2301418.944214056,2220309.1690806,2864694.3637615726,3185147.9156651148,2681652.1330103255,2604666.795791964,3242764.6563670873,5016012.545008843,3794743.274007995,3625993.0071132956,4669067.59073971,6318551.1119923275,5296721.002938757,4645951.217723201,6262040.536980322,6447017.77335514,8656749.458548578,6402406.404539466,6440704.278099492,6511527.079276194,7967748.800466781,5851073.129575562,5534654.107655405,3902770.861613339,4180777.659001989,5124144.216859036,5122479.5393801415,2815700.675161127,2587384.0807935563,3883281.2093369267,3098267.5566120795,4032061.6293575447,4619181.46527292,3012278.4171202905,2152777.0334333037,2253728.2615468884,1751403.6726679413,2504362.289812559,1631269.04254811,2625847.173750294,2359566.9730247627,2116152.7440938754,2250787.9509165967,1805978.7883828755,2496837.7971064635,3728537.261387952,4800590.869061592,4160151.2289340007,3442055.907820433,4791323.585509144,5561523.5958886705,5155292.765905784,3092581.4544989406,4844689.129279795,5676266.650042279,7121214.2648035,5958636.069330104,5700877.389115924,4911498.588955147,6937521.944724046,4506938.600082804,4751382.789226181,3742002.4030641424,2880192.8018392385,4341555.820728558,4149927.5660430035,4632006.138884955,4294951.189210582,4410500.105569439,2743193.639325199,3561523.2611759687,4464038.165167943,3440471.602411167,4182913.4911460974,4507679.744650392,3197088.127934794,3702331.5728285066,3516051.011294374,2728567.4751827004,3097039.5420917356,3066996.9443927803,3294287.918196791,3009719.916739334,3702415.4846635507,3269646.20580113,6395361.096641422,5287065.943545717,6693472.9990046555,5681707.4989310615,4218721.324319872,4770227.644909676,4690609.407162954,4985327.366736288,5860656.020214306,5410803.27834542,6327839.210644407,5715520.17064086,5792736.534623459,5675963.279258637,4870500.7234368855,5424861.7997361785,4741590.917954958,4573575.571923554,4774019.55870559,4483392.170829899,4278781.157547181,4751720.495931437,5109564.620801991,4677346.634288899,4638850.472428341,4783380.052669801
1077421.2539911717,1286220.5302883594,1210316.972671553,1211540.2175943647,1466404.4131725165,1464822.4215766122,1403930.8695589653,1380363.3975024854,2163053.894946848,2159549.0589573486,1357268.2510460773,1192201.3465346182,1211687.8853561648,1323439.2061730982,2479022.9208592307,1311809.2212649232,2151539.980711219,1724270.9353515515,2252325.4418169186,2570302.936220472,2183011.135049927,2206542.482239596,2760516.329370279,3105118.0511591905,2678933.6157723595,2343462.8270147755,3115287.9851316432,3141965.216412428,2628621.705535547,2681365.5280976845,2984935.5582827255,3248422.3280892926,1657583.1383904314,1485505.0952606085,2311111.047694851,1431226.3930941345,1243579.1980257186,2416368.865379519,2750618.46376799,1177793.1275642097,1381952.5257986505,1282258.3229108434,1222133.044227655,1306910.1739464107,1491707.5039945124,1517041.4860198672,1440017.7880309948,2291452.844174589,2219123.6390897366,1364046.3956980759,1195452.2512164009,1186290.3364012104,1302756.1720727822,2739414.7326989495,1297407.7090355428,2076665.810883617,1706428.250620677,2570596.298074439,2986482.7213552003,2042540.8507939181,2755152.069419787,3793941.2657955084,3508146.245255057,3011039.45404155,2358616.479683581,3349151.1131819193,3675370.052098343,2919555.546778393,3014634.392079721,3372677.5884389477,3412745.979233354,1806840.7125522716,1928973.7586596112,2262135.041175659,1448191.5486767057,1278987.2651762837,2438205.8138307757,2042588.025811682,3182678.2064134623,2512561.017558973,2163783.234889999,1869739.1533326132,2177936.8135965136,1584863.6872328173,2725581.363416195,1771266.6314918767,2670559.76365285,1797617.3479670857,2834029.4092162177,2376075.0007196413,3114950.3174176062,3813691.2499557,2745863.5837935284,3430516.5147301466,2582499.8964969395,2703849.294726097,2998066.295706567,3171051.172357413,3046699.723941717,3534427.918523735,2677841.2356821154,3547189.783902682,2575700.0049590166,3174643.988226928,2742161.059843501,2830968.770383317,2518229.538223608,2837445.5351611516,2650724.84964747,2818906.0881493203,3092309.2456659717,3003392.1162042716,2817451.37556062,2767309.746525126,2796550.053530054,2768931.3563413997
2469919.6799030392,2678894.9182108403,2343343.9293827037,2184610.809487571,2367462.7548897807,2644966.3180740946,2316791.118012922,2468348.9096914153,3157644.8187938887,2740923.342936289,2167680.1975631295,2500689.4452161435,2839817.3218746264,2378460.704328029,2354008.2968666907,2566449.9860497024,2874241.9853794286,3313265.349322151,2674236.985820545,3181562.306750369,2950201.8472332372,4361345.2985225525,4194474.159661653,4254379.304114997,4133858.0282030543,4532664.204784077,3927315.4841719433,3716603.199155344,2618906.16593325,2820844.176907953,3372113.81050538,3333806.942072592,2833817.322148186,3194197.859967549,3332940.7022011294,2270924.995119635,2926018.3042218974,2729878.852064506,2490185.0037271474,2345400.032049561,2566273.7428688714,2321063.340916217,2223078.815177981,2551445.5107453763,3141106.5901865195,2751429.1237542303,3118615.072256307,3367530.7118664007,3247739.399903112,2291696.5798381036,2874453.6885079048,2764729.413409205,3741645.062444742,3152979.5496764826,4646979.392603218,3624171.400998421,4326018.192744407,3242869.684521842,4212916.873844136,3413627.8241598895,5196352.963823835,5015903.948008906,4629055.646360699,4524720.072201618,4916710.090834441,4174807.8949353746,3910736.0166395456,3260365.5882525076,3434458.753609031,4108522.648195136,4219304.074581003,3452859.2907680743,3951064.4508806546,3992318.038539838,2441034.0878901607,3589398.9388198233,2940838.9437734587,3271122.592612287,3105524.2137951343,3909516.603650872,2971674.3148123724,3516046.2115257233,2246207.905504832,3076087.2967729517,2401147.8526780754,3291304.9222635133,2482926.4257035074,3257377.251199517,2376132.77043834,3500167.5053643347,4203986.729753869,4080924.6811527233,4181514.777383348,3758218.361016007,3607438.5340702045,3391100.580282926,3720898.967438629,3587461.617271103,3929539.266727293,3807836.6877114642,4174235.537409954,3668699.2103979313,3962235.1170573803,3326653.7250031866,3684913.1099352776,3383163.376407762,3730699.943421157,3209317.5574394697,3484192.9322096654,3522137.9812898193,3755368.7393326415,3794047.293710394,3713051.6962523554,3627284.702814626,3583078.185822895,3540988.7601409336
1721981.147525005,1951371.9199655023,1692751.5793296543,1662896.5229418525,1760391.6473117084,2165765.39485461,1744822.1411167732,1877396.067965184,2069015.709655972,2041541.705628,1863211.5596387202,1629413.2203069732,2308003.1414355137,1627128.2381779773,2202585.0788944126,1898488.6216447237,3227553.9019077313,2486074.648899684,1718003.2534902126,2808407.8604373583,2968533.0760531034,4013340.8491206956,4082171.3145753806,3806916.751041684,3692871.0864988114,3379071.947073023,3703839.5925879544,3250206.8898640135,2248425.958356273,2406651.0647518774,2573387.475914118,2809090.025179986,2358962.8383324053,2354433.7993870694,3010241.819907969,2015820.202472578,1914444.3942375781,2745143.6877450855,2212421.7771287733,1585107.6352497574,1939659.013657716,1421271.0457683813,1600936.2642717848,1371301.910797728,1986737.4573762922,2178057.593500321,2260539.030835854,2423404.397550149,2030148.686280927,1758056.527504009,1534121.4589981455,2082294.3869260713,2581298.240826403,2635048.309065989,2580675.1017442513,1510072.1501655555,2554933.787555555,2687561.9465045007,2676240.889646904,2152449.684252173,2457935.81991216,2881842.1662288057,2901950.1720799077,2703673.86282306,2446947.5122328335,2757317.8092251704,2688421.935476452,2735060.1656431356,2741691.419162163,2846873.367382988,2741524.788706183,2341947.503487081,2250991.597066064,1982940.5957626384,2034156.2098929742,1539926.51200114,2060608.4005813515,2487496.7897453085,2787132.1948416363,2454510.7650509635,2513079.832299485,2286091.102599807,2089654.9931687615,2420296.5130740274,2196434.8586543677,2569237.679559491,2272588.33548821,2635225.816565947,2181567.0353551754,2703125.857480252,3681033.103284154,2764464.133881615,3932718.3701677974,2750684.578470115,3200810.2757124444,2488593.217741199,3380102.459486771,2583709.490113267,3636751.18090669,2745050.012603842,3597931.259156537,2660245.0026485915,3402529.8442639057,2781491.290417148,3200362.8278612625,2877392.8794770674,3170352.5295239612,2259491.4286229094,2857515.45647588,2800410.4945218624,2939547.385088274,3252828.5172771183,3420946.8887175233,3295858.2354552,3132473.732927027,2999908.6888320833
1784060.1176036769,1798172.1285564126,1746416.450503034,1710786.026041311,1610915.8631598423,1614896.0685696409,2321318.623767785,2436710.2654095846,2218817.171890891,1988966.4909362255,1839044.8194283138,1954794.205958303,1826197.5192497433,2482599.2303315266,2580117.5292614917,2346680.1737764264,2439794.3928856975,2240666.467435386,2703674.5989179565,2210530.720711335,2124171.2618445368,2200787.0366759864,1955971.8232257736,2125549.8574136435,2250574.0051068887,2291576.9742514896,2160307.463121134,2592801.436600611,2751909.2626318773,2794227.530358222,2822335.0317418375,2544005.481550908,1712914.1113173428,1755479.5637886631,1791184.7061185867,1710786.3750403326,1934288.89705928,1740853.2700619698,1998009.8414548538,1727033.1045384728,1762041.9870615327,1619453.048448734,1684519.5441034972,1570670.7003214208,1709024.4431948452,1863687.5341369242,1810388.331046938,1864611.700467904,1884876.8137115713,1741119.9332922667,1849492.4878027332,1801271.8750246712,1761507.2581542132,1893191.8387572635,1804836.6344995503,2208003.6995371752,1985079.4761900543,1889501.6346670862,2052747.2525559785,2073718.4354588226,2253000.5934545114,2144113.1580504235,2164270.01487181,2176512.079504058,2286936.4749572496,2185785.003614751,2141672.1323667234,1931438.201219567,1913859.9936843112,1971164.2521669776,2056739.2991102946,1868888.3207564563,1837447.9921950842,1978017.8406359048,1733475.8863945499,1855557.712168531,1830587.2159916202,1891687.5762803408,2213205.924504652,2042854.5464728684,1757367.4761845006,1842567.2164717529,1828767.1175459581,1713997.8673433394,1913731.5802420408,1817415.0081737528,1868420.5438241197,1804941.6595537814,2688152.974047358,1998514.378564976,2413644.4116417835,2184460.6728539625,2325959.3966215383,2251485.0348163806,2181707.59108293,2223536.3479122324,2473116.072794152,2254149.205129435,2418406.836976181,2222717.991586864,2393355.168716819,2216732.5485963714,2154528.0724517065,2198967.36233466,2052478.792287527,2150486.6522199297,1898958.9300528255,2071882.6710386632,2260666.5336161717,2428466.5561411018,2297387.8415500587,2303810.617061309,2325512.771754503,2357944.7682247083,2321251.6583910086,2268004.38760018
1248814.4458107136,1358381.5866556861,1402690.7195451867,1283042.2393204651,1591092.903207168,1633362.7059792855,1495007.3975145847,1250263.8246952996,1169621.9184996288,1236276.8061959276,1223293.489835826,1442659.210786518,1530848.4061251716,1469038.167594138,1644250.1798245097,1469138.3998284067,1172865.424494368,1474277.4351847377,1137735.5399232458,1610913.3000984974,1240420.637442562,1334047.2849126142,1287625.0248257206,1244579.4771719682,1366817.2754513829,1373988.335059064,1295392.0647680748,1300683.401062336,1706797.2757604204,1567015.4638633993,1472857.9215771277,1763755.8148493038,1719391.501379214,1688542.0848362164,1530499.1682591487,1460925.5851902321,1400476.3543094061,1178487.607782548,1622113.0655310638,1315178.034626569,1220328.3572681777,1234236.7124802563,1307507.3509762767,1542629.92217945,1292837.4885005122,1307534.397404186,1419054.5629952303,1311372.3155925095,1330177.6045962586,1160764.6527438858,1464231.1085930723,1167849.7893501148,1357712.0669632314,1374764.1443474812,1319737.5205895307,1392993.8661551927,1362215.7149196242,1353201.5826085561,1380127.92059442,1409319.175183913,1722222.6132639667,1608696.1146532511,1375452.82612641,1356297.2878703123,1609494.7930659724,1346303.5446320064,1344753.9855405162,1363516.9125200133,1315058.4510446677,1352995.0891127426,1386124.9023096887,1401429.421874361,1530788.3219829262,1406868.4722464792,1204180.6927845976,1320389.1810961384,1166426.4865299854,1279241.2943909387,1614022.6846377756,1345933.8773013763,1593887.1322618627,1331396.3587754949,1595085.704668611,1223015.33356598,1599332.5220294115,1248214.599911996,1527344.3030580226,1259320.3203838633,1380507.3378920457,1211270.53402311,1226890.098300079,1358072.2263412548,1404067.8210925066,1617081.6552000914,1373202.8739112045,1380179.4569074665,1308191.4011372798,1366717.4348114273,1242973.2486142507,1350385.1888441597,1381590.9184605894,1527900.4141525207,1278961.6631725647,1422449.1876740952,1330557.996669751,1485350.3360035352,1428670.212664186,1509378.3707537276,1374191.4853380518,1337694.6565374122,1288500.1302720767,1337719.487043713,1355935.3374925554,1362571.1673388125,1364429.9776212922,1374753.1741061138
3171461.870743126,3319264.3563318625,2524561.3012966355,2678515.738376653,2294742.7081308397,2189607.271234493,2436233.52759092,2447531.7869023858,2868340.8663338614,2610764.0110247703,2500736.645233573,2527764.6880765506,3015690.4379559015,2399697.9106653286,3553834.27529672,3360795.6869363775,4321477.832243583,4857049.846562241,4031535.619506937,5570368.003157882,3927101.6140050283,4193496.305119053,4146096.707988869,3964786.912614117,3879171.595628957,4303793.105894751,3613295.3577272943,3612937.1193782412,3931650.039919731,3962287.7920695967,4100590.3001618553,3389296.061720012,2758910.8836224386,2206309.843849632,3233515.903420361,2655015.799804081,2926301.527761107,3896891.067163239,3084140.793967312,2900487.5120756873,2861374.9004471106,2626766.589288122,2765141.0538917994,2364759.9638985363,2240228.9229137814,2340259.6649758546,2551574.6708113914,2673987.1567467614,2801910.1906271367,2395935.0668434673,2386916.3709865976,3015596.1098734373,2533967.2007189924,3140004.46293627,3447795.93011482,3786687.724858191,4439476.892686666,4152200.275121654,4672422.447751635,4109016.758657468,4237062.241966697,3856803.0729904096,3877285.757519346,3771922.572307274,4257178.818832255,3643086.5611267006,3747221.84024709,4110656.371807777,4876396.564588963,4626553.623724342,4193533.116460962,2500829.1300857235,2713375.56623667,3244988.4675357225,2387552.0167762283,2818209.8825098644,3892309.217772633,2416570.335943897,3551667.9148106603,3618973.346469072,3120609.4228916587,2853162.2169367652,2996094.9802177628,2638914.172558659,3066137.3766855164,2509478.245347896,3209476.5758295623,2630340.0635014996,3640568.502210607,3398731.0639245645,4475992.736476073,3765860.459966263,3962554.4685824406,3530164.9819369717,3544308.7748916047,2874918.6295107156,3754007.094691069,3174626.7380656516,4285641.27789727,3452814.9111819463,3971757.120584829,3053472.5007876917,4227994.392652863,2538056.776444449,3855887.549375768,3009594.774075234,3271950.117772648,2928877.999233515,3233388.1429739287,3371265.643336002,3854880.542350498,3898065.8697502967,3907507.365506595,3694246.463884207,3631430.431858583,3472557.6735680313
1603046.8570773145,1621294.308774382,1775282.4920199485,1534802.0146966814,1882222.0139544345,1896118.0993064726,1635132.9909470251,1655200.5035158806,1937221.7136117807,2008904.1593816732,1723521.1621365151,1330933.5682700153,1665674.690309839,1678713.9883269665,2170062.969404702,1889399.8749270304,1808366.9408843764,2095781.8682640502,2195696.3293624185,2286060.759596539,1900313.0929955638,2442710.36245717,2884474.3629061696,2915299.806703684,2946849.6604435854,2553819.7397177177,2832984.8895239932,3548012.3834167584,2336661.6431170073,2425237.001488268,3234361.027680501,3241599.3567147315,1782082.51181138,1747653.1649585408,2543466.2609103564,1487720.286134497,1552871.2131505643,1809154.5867323354,2227540.9557506493,1707768.5254260348,1583468.1178664102,1774765.6163099012,1488735.431696529,1674269.6988145353,1384563.3215170614,1511355.5694323727,1482929.49402434,1648233.9802395166,1532796.1902063785,1690061.4211877761,1439085.634098323,1846301.420703243,1507583.561579981,1995833.4088792386,2048099.8158836141,2881508.970687709,3415160.968427348,1768496.0772258197,4239392.494700223,2128725.085618245,2777695.6892890814,3778757.0701157004,2876520.9310806706,3017569.190400335,2641027.4364522207,2772721.2960356274,2463017.45964086,2103773.9037280465,2446716.1989225866,2770835.7294724537,2534881.6441972367,1553039.6017928817,1667041.8110082354,1891496.5637691338,1435809.959856649,1564025.4730446993,1869996.58732415,1735211.43917805,2333793.4728650074,1933619.6940096216,2139808.084551006,1783528.7666617776,1842505.8884742085,1583829.7536305992,2117465.9571383805,1742877.6872331523,2039855.8621482041,1739752.3943013048,2209608.3031469993,1947328.5243797966,2940888.517252242,3066775.162811688,2831883.638112405,2910960.773087823,1865368.7431088018,2048583.6840990188,2202226.935765429,2471779.692690265,2685486.065623407,2921893.5154654207,3023272.829376219,2688173.3542088764,2412939.380943474,2535854.8512283177,2153093.983960253,2377354.177415369,2841659.867459409,2515600.3342064307,1843228.3044932568,1888475.3958524123,2419838.63030442,2538199.0846145516,2461434.7492421563,2399132.9257626175,2287299.3912651343,2115064.518145595
2076100.3127921289,2133989.2514548507,2008538.903816462,1937748.9268999505,2129297.1282331427,2309283.547669701,3581257.0900522135,2876021.4676664667,2927086.2957921037,2339733.898369433,2774984.2003084267,2855068.0947075495,3502616.170923332,2671967.7327880524,4247715.147149818,3262540.1230664654,4198359.940592127,4103796.092950803,4464621.5949785365,4659502.568346367,3862615.461830334,4337115.417551697,4740139.9228137145,4983969.08448569,4143930.479966031,4030152.473963652,4651055.241505927,4762126.366893013,4656946.093616169,4555474.105544583,4712024.343866826,4514117.845970249,2446194.8499385,2367583.132684798,2739583.735271879,2380999.7287836317,2718395.2046055463,3112945.049474193,2638365.1688967636,2167790.823062047,2299142.323956512,2004439.1839806659,2112401.3653292134,1687037.6812846074,2114567.117075641,3518823.3668966796,3307729.1691952436,3168702.269393348,2774435.0975469677,2660336.5771005936,2887452.8081833753,3452776.8377607223,3042286.823014812,3319019.095811468,3106902.2394015673,3668433.1021346506,3314778.6326071112,3422998.5024828548,3240760.654888551,3511922.031181751,3412934.3067161585,3156721.6934298454,2856423.6505619297,3124660.5882402854,3572631.045276684,2999651.2566656433,4219200.075201838,3633344.025271037,3661914.360390105,3862595.6369911535,3840770.770899582,2614632.203375728,2418692.629030626,3054046.035418854,2561880.3313838486,3157711.0301252543,2806426.5809307573,3041851.7273502504,3531170.123329389,3622364.59679606,2358728.973257803,2764890.513043143,2331966.059379319,2990367.7256410844,2339130.792017254,3121877.705796543,2270883.5189740215,3055535.492145215,3314759.77541453,4037913.7867180984,5062527.282344527,4080249.50038705,4965308.984790504,2690074.3897983427,3532485.307115384,2384238.073623245,4550819.343010104,3388028.8628479615,4997980.657381161,3407715.4292425294,4673946.966940919,3579065.679730438,4248262.731623621,2966738.6840587496,3522439.958924855,2220110.7555484404,3116220.217682902,2947207.2820591405,2868500.3100014795,3867135.30190557,4553375.310978557,4539033.4871958755,4726016.247546625,4672123.192498206,3852966.5063027777,3255625.570165839
1575806.8682554583,1781782.516327351,1779257.8657569655,1526467.110306897,2095920.3321635295,2336055.213212294,2201253.960137717,2298104.5149434865,2871155.6692156247,2355427.4066010094,1645089.2771929237,3321762.769116499,3792681.353074092,3931247.5420917785,3339935.452731642,3669838.225540058,4596854.961942836,3829093.572010834,3459615.727901112,4110824.073809654,4556412.025082456,4060381.753156947,3917102.861383908,3654607.9037204604,3770316.5300944913,4067810.2421209635,3562819.340617632,3016645.459471316,3402531.0802813624,3406957.2799832043,3411988.8519164934,3246221.848714901,2559570.5100035863,2475332.2554283263,2651073.822786946,1592886.5259863671,3208598.107424501,4372038.78010015,2841904.4049202832,1601673.567585262,1911055.9583107643,1899039.2347716799,1668858.77146517,2063191.816342045,2172901.816199719,2222853.6319163237,2036598.2531261828,2500528.689747149,2207243.719207662,1492707.8437601917,3075760.4931771816,4015108.949219859,2794599.6211957796,2899317.707359335,2799605.319009702,4169468.715364147,3385664.4066941026,3043435.8085909495,3908047.6365002003,4412567.360806677,4286572.419148498,4223247.444077106,4036225.559394753,4027136.1772668133,4230048.62104209,3881640.2437100927,3437622.298048512,3080590.6253222283,3122791.7262356947,3309783.7480110754,3270248.666970327,2449243.343968176,2442130.557272644,2909233.303970329,1615594.3933920753,2864131.3654482546,4279316.4095356725,2537056.3889172343,3021997.6529993634,3186299.298978262,2733492.5533083365,2688952.9984759195,2652424.9601472677,2395203.6591623877,2871049.9186195033,2557183.970021135,2977478.1484230743,2705859.487001314,3111479.375150438,3061564.347130254,3178639.109719679,3475027.4360677362,2834529.6346784043,3360058.0420291447,2568996.7782139927,3153521.051756184,2868372.9361039484,3401168.7436312553,3108959.949448191,3582026.34766504,2603350.6644292576,3177979.134304305,2298078.2922840305,3027096.4624741795,2242631.3074609223,2696390.3747640513,2297613.678402542,2875395.3191168527,2891684.6843790296,3125362.9828872983,3502017.353665688,3607882.742491435,3574907.030192696,3221415.4543028055,3022782.742547283,2939540.808990133
4088256.4053152194,5026625.697817841,3355175.733444767,3380043.516994698,2976375.5397327803,3812049.3098488855,2376901.0660270983,2350540.1258690953,3448444.182129314,3130652.2998918593,2126850.264118272,2953588.835249319,2578588.3285999605,2636401.669825888,3700394.8766379342,2739995.825271629,3434992.040775833,3436134.710671748,4219299.627276576,3568772.172244497,4016296.615469669,2907581.5945648965,4366928.180688975,5936224.196673275,5079242.563394645,3774716.3619070584,6453411.455955137,5051031.0187364,3883860.5674484065,3646090.090539986,4006904.2955362615,3839457.7356071677,4215990.291062653,4215338.254321494,5294937.225953971,3550824.282557672,3385420.782925603,4899701.569508162,4001696.414821163,3959403.400711721,4058952.0009654923,3351056.7043194016,3395995.301680149,2927834.150256193,2602882.6410769583,1983983.814479892,1860501.025819675,2392483.355026953,2572361.0751213618,2168429.8812358244,2780614.4545599353,2645579.101764059,2486414.8380381395,2974838.735792498,2673770.3690496236,3629435.2136139143,3746385.5019860975,2825528.620901438,3951666.5849250834,4922635.812126354,4364377.311414225,3205777.9049074063,4013024.249007236,5762954.055469663,5694566.709651235,5643081.831470583,4422549.062508288,2970890.6233899607,3765735.030131031,3850342.769214628,4434276.209813533,2178343.7114865575,2510124.6852947804,3815875.9823158914,3161897.877298629,3403115.10025523,5997863.453809664,2115787.8086174685,4406145.030622107,3934976.2674762225,4928470.559433443,3041556.1389479213,4654811.099154008,2642476.7771677854,4271939.661184894,2280784.447319164,4646309.791022424,2708885.8141644606,3963188.6979611497,3546410.0991287385,6518204.405745407,4228917.148630907,7020875.720625151,4245407.299160499,7520499.97451042,4896057.940171549,6842366.229584667,4812866.949960752,7189578.0763096055,4770125.337484072,6732597.061400653,4452285.686462503,7324310.146497151,5260167.461501291,7760022.197080348,6551577.243624911,6705655.069485711,4315421.838755894,6895708.62637192,6977335.390917806,7349163.336894898,7418963.840413716,7360295.187525124,7430298.546438904,7386608.794776594,7240823.681165391
1975424.5720141002,1910383.9095627675,1750761.7764073233,1683028.2576705674,1813414.303065728,1953229.073053114,2495280.346957382,2756137.6161262225,3512696.1090170867,2803929.6168462806,2124090.227632417,1917374.755684487,1920490.8499023214,2319466.3273616526,4429004.994982436,2585918.2971173762,2782513.4376152596,4468388.023872553,4018809.5842239014,3703344.546965587,3350783.510471522,3802938.888579864,3737643.567059048,3941518.482370066,3513717.6523700575,3529502.3428139887,3431194.1363297477,3777864.831023481,4881078.39988489,4913697.050816178,4115518.9828841127,4223339.017578941,2420014.937593053,2209072.9785992852,3080670.520108389,2004899.099019386,2007266.0226428073,2926358.8517078646,2958187.9987061457,1806478.3088729081,1821454.419261404,1850731.7643967518,1766462.20847322,1880052.3526852578,2169685.84883334,2026108.1462296937,2384994.099044815,2473201.574748977,2492459.483005409,1813364.0651584144,1852473.2535040262,2188404.3835920133,2178809.5411573,2804576.9254396036,1650755.8818397142,2983745.138020428,3287224.8518369813,2891768.1412648433,2293169.099403493,3409344.855024197,3627323.230225317,3836768.364973053,4300610.107107523,3764073.002166104,3280301.942213144,3923543.8828637293,3612985.62553943,2822254.538872971,2012850.0153502715,3204919.9210210214,3901393.8694274565,2098298.695821578,2591119.540445364,3218914.3133439855,1830716.87260299,2243360.8826303054,2795645.7928772923,2381898.32088385,3238618.6097491393,3250674.2436097427,2553715.5269587957,2525857.9646673338,2976254.826929784,1982248.9089368007,2677942.0052847266,2330758.7860172056,2634103.5155100347,2315895.8246741635,3839003.0640531816,2701483.633882611,4212526.302391401,3994179.54997975,3847094.738125561,4043930.995036178,3328137.7252471442,3589985.900662902,3478666.588301977,3562833.449997532,3785243.971295519,3792686.6356610195,4151760.6680589705,3882123.6608591205,3843962.053925921,3574436.1662356975,3504366.689840312,3354723.53033312,3623443.671210177,3588782.9420152158,3131018.884737262,3029353.404029651,3364000.3830044996,3411835.819572481,3490053.069367555,3466490.027728746,3398090.643457234,3286648.8749222057
1990150.2968153832,2307183.3553280635,1967089.0873409372,1847924.0694200895,2235282.498598769,2824623.4292551605,2133536.334345681,2468145.4045705604,3252213.7686584555,3055432.8722312725,1852818.3949239608,2167719.237419863,2576609.0184702496,2709487.712075803,3772902.360790108,3664259.563342679,4229715.436186109,4368029.743825851,4352445.77179291,4404732.148373378,3657419.2165049138,5409444.408091433,5565704.579386791,4786654.584113173,4587440.831412264,4796540.58267432,4546815.984740095,5251568.080414591,3890747.8061760445,4103874.289113415,4964904.084244238,5104155.152470258,3208265.288241914,2507523.5332867294,4178683.6543178237,2093661.327229914,2565603.3348000497,2967976.912906295,3824243.3230687394,1924427.078009339,2093362.4058529104,1882214.0578117045,1865753.0943269744,1937566.4731087075,2108821.18588187,2004297.9962705853,1917442.7363116348,2188417.438652438,2000627.0495123332,1755894.4239816589,2247229.722312964,2815998.8998049684,2140905.540631237,2463455.3196664243,2586395.0598425167,3982504.724544552,3416994.526524671,2682691.546198278,3934620.1946537853,3628697.253322603,4327188.463514872,3608071.017684702,4351789.3332676785,4345183.467228617,4983444.094775992,4290684.805260743,3505237.1164041273,2680975.8024873645,2961409.963732018,3564318.996619579,3011566.0403798255,2339916.1220924873,2310035.4933866104,2643840.649228476,2008138.488960109,2417868.904152737,3108898.0597606115,2272049.069530847,4152854.389493689,2605344.649283943,3825140.489239271,2155874.7644472923,3252228.5553352414,2217564.1624255865,3889277.3481231015,2229262.993248682,3952009.2917324677,2257325.0121238907,3444216.4802874424,3089520.418846687,4464645.561652982,3404336.4329617913,4033089.083677482,3682114.7693647784,3863644.704876673,3464699.735888474,4371538.9992326405,3721265.120525464,4650996.498691535,3966913.185965269,4471728.619746323,3158606.531234139,4281634.443553593,3412955.4219547412,3846158.583553657,3664698.4658351033,4202584.474498604,3465350.0803461173,3602279.645849522,3562222.904409652,3991484.4269992923,4170283.948036769,4158599.990833582,4058154.2978032203,3915948.9904692178,3821725.796790232
2466496.080103531,2324051.6203926317,2414904.919670555,1754319.968169309,2677397.1723699234,1932542.7646905016,2847443.5070588496,2337793.0191707085,3622064.615981181,3447357.3027797407,2382034.303184556,2759476.2923478945,3014993.9041666174,3708342.4019014067,4478804.296434234,4231071.104544879,4309567.461954349,4742509.286009037,4895115.255546278,5464187.743788372,3722026.047577836,3735189.414212736,4746106.67931178,4303980.8186804615,3533452.4762918353,2691907.159977259,3215099.068533825,5126668.063390394,5111707.903280431,5338691.351525654,4961689.726269787,4965756.680554665,2137154.390148788,1677981.8950736565,3025101.343902189,2154134.3130731876,3304141.9693014696,3068673.140073274,3118151.816703873,1755943.7165356118,1740864.1237625433,1555431.2491833505,1732074.2521038626,1808210.8955500748,2389601.203664106,2200693.4697727584,1876391.9878025358,2359103.9867490316,2346676.6819952554,2035782.9257817343,2627831.690482702,2869295.8611415466,2039706.628565571,2308094.843252656,2185268.4605147108,2765122.9204152604,3532246.599481121,2232203.3858061545,3118585.3382075285,3673061.2731130896,3566696.093589666,2491692.15210787,3517890.1901355023,4647038.35481996,3549198.7430025507,4059257.572732702,2509904.0599654783,2904752.1945985653,1878651.7117452102,2357157.6456522094,1961366.7032389485,1607612.061326978,1761306.362559614,1748516.139843111,1975406.1504320293,3006055.5738726268,2812520.24345804,2732084.095370894,3302077.9847516306,1957376.40711455,2216391.1701162,1877860.9833600179,2640228.130340449,2065550.5243779772,2515078.4216052713,2680894.539569852,2134984.714460266,2693163.4250731235,3322963.8342747963,3000381.3869225117,3477752.868331575,3292895.0550217833,3595527.5106058135,3417376.8456223393,4688725.835724466,2738102.1299415333,3602213.3805251652,3124306.4304467957,3407362.6268364685,3132339.8896581694,5211625.254277126,2994572.69196212,3839482.014724149,3109955.99406805,4658851.766614165,3052312.3981691045,3158968.497551216,2369013.3322004513,3781862.432936157,3698036.6399120004,3522790.27289831,3745676.058120444,3908281.022380821,3845419.131886528,3697791.624002591,3723751.8700282704
2498533.506506831,2365289.309531487,2696783.774309522,2662812.631843414,1651692.3980600915,1719208.1981667215,3268624.1192399254,3543213.9380267193,3648966.373001886,2366301.607881859,2244465.763692317,3228161.7174738054,3689799.731598212,4462098.74140282,4551214.909955302,4072659.69875173,4798234.89725871,4026404.2762944093,4775516.803542976,4179806.607842618,4685679.086619492,4662015.217161653,4188479.937043974,3683910.555953543,3831880.4051842485,4485299.500588378,3428643.6286612516,4146490.2168605253,4718873.735845715,4980077.880805249,5000348.006906005,4662671.653299035,2404538.4979894543,2107123.47840666,3725515.2153936327,2513011.3804948498,3415600.0691984934,3301303.9916183264,3401736.839753452,2216618.9005351337,2243263.550165094,2032655.4023597436,2052832.9526370317,1961800.7128200459,1813980.863996951,2858051.8332922016,2687199.080284386,1788869.9574899296,1788703.445922081,2387356.529421668,2930153.118457578,3958386.4307933766,2609174.822858137,2799147.1899441187,3026457.697583585,4567795.841844598,3564343.701014633,3586942.6955906805,3654459.555775382,4447539.943539383,4275311.997831977,3692446.7649871144,3309418.2535409043,3579007.8049654695,4345388.896556658,3270930.2295576427,3800455.6897148653,3283824.419121956,3616276.161087779,3807183.1345087704,3717601.749462495,2137231.0282419436,2156317.260219255,2633145.9154082113,2303725.905214949,3137210.8515849337,3288014.514359735,2000157.4964102523,4312481.459709516,2960490.6786405705,2902255.884236393,2128163.5923482776,2686075.5250820164,2059811.2266296344,3118007.611814248,1947446.6654076607,3257766.822492875,2034317.613182586,4433279.866565947,2859269.665495002,3557716.7362092603,3352463.4825480767,3343722.7153122034,3214962.3502407987,3355502.158188047,3600962.8389900033,3424691.3765302044,3743486.7644835403,3398809.0580861564,3373926.701812721,3485463.4991722456,3290184.3046503398,3777305.0196226058,2404659.3962195246,3582331.907688564,2462263.3566781897,3830715.184622168,3136031.696476882,2855439.747605487,2882266.9876629845,3012335.450643953,3121075.690079152,3081771.615095031,2945166.262516801,2898708.7901439196,2863971.3990371237
